Distribution,Forked from,T0,T1,T2,,,,date
AlmaLinux,Red Hat Enterprise Linux (RHEL),server, workstation,,,,,2021
Alpine Linux,LEAF Project,security, lightweight, general,,,,2006
ALT Linux,Mandrake Linux,general, school,,,,,2001
antiX,Debian,old computers,,,,,,2007
antiX,MEPIS,old computers,,,,,,2007
ArchBang,Arch Linux,general,,,,,,2002
Arch Linux,,general,,,,,,2002
BLAG,Fedora,desktop,,,,,,2002
Bodhi Linux,Debian,desktop, lightweight,,,,,2011
Bodhi Linux,Ubuntu,desktop, lightweight,,,,,2011
Canaima,Debian,Government of Venezuela,,,,,,2007
Canaima,Ubuntu,Government of Venezuela,,,,,,2007
CentOS,Red Hat Enterprise Linux (RHEL),server, workstation,,,,,2003
CentOS Stream,Red Hat Enterprise Linux (RHEL),server, workstation,,,,,2019
Chakra,Arch Linux,desktop,,,,,,2010
ChromeOS,Gentoo Linux,web applications,,,,,,2011
Clear Linux OS,,container, server, desktop,,,,2015
ClearOS,RHEL,server, gateway, network,,,,2000
ClearOS,CentOS,server, gateway, network,,,,2000
CrunchBang Linux,Debian,desktop,,,,,,2008
Damn Small Linux,Debian,lightweight, portable,,,,,2003
Damn Small Linux,Knoppix,lightweight, portable,,,,,2003
Debian,,general, server, desktop,,,,1993
Debian Edu,Debian,schools,,,,,,2004
Devuan,Debian,general,,,,,,2016
Deepin,Debian,schools,,,,,,2004
Dragora GNU/Linux-Libre,,general,,,,,,2009
dyne:bolic,Debian,multimedia,,,,,,2005
Elementary OS,Ubuntu,general,,,,,,2011
Elementary OS,Debian,general,,,,,,2011
ELinOS,,embedded systems,,,,,,1999
Emdebian Grip,Debian,embedded systems,,,,,,2009
EndeavourOS,Arch Linux,general,,,,,,2019
Fedora Linux,Red Hat Linux,general,,,,,,2003
Freespire,Ubuntu,desktop,,,,,,2001
Gentoo Linux,Enoch Linux,general,,,,,,2002
Guix System,,live, maintenance, security, network, forensic, accessibility,2005
gNewSense,Debian,general, server,,,,,2006
Grml,Debian,live, maintenance, security, network, forensic, accessibility,2005
Hyperbola GNU/Linux-libre,Arch Linux,general,,,,,,2017
Kali Linux,Debian,auditing, forensic, security, network,,,2013
Knoppix,Debian,live,,,,,,2000
Korora,Fedora,desktop,,,,,,2005
LibreCMC,LibreWRT,embedded systems,,,,,,2010
Linspire,Ubuntu,?,,,,,,2001
Linux Mint,Debian,desktop,,,,,,2012
Linux Mint,Ubuntu,desktop,,,,,,2012
Linux Lite,Ubuntu,desktop,,,,,,2012
Mageia,Mandriva Linux,general,,,,,,2010
Mandriva Linux,Red Hat Linux,general,,,,,,1998
Manjaro Linux,Arch Linux,general,,,,,,2012
MEPIS,Debian,desktop, server,,,,,2003
MIRACLE LINUX,Red Hat Enterprise Linux (RHEL),server,,,,,,2000
Musix GNU+Linux,Debian,multimedia,,,,,,2008
Netrunner,Debian,desktop,,,,,,2009
NixOS,,general, server, desktop,,,,2003
Novell Open Enterprise Server,SUSE Linux Enterprise Server,server,,,,,,2003
OpenELEC,Kodi,multimedia,,,,,,2011
openSUSE,Slackware,general, desktop,,,,,2006
openSUSE,Jurix,general, desktop,,,,,2006
OpenWrt,,embedded systems,,,,,,2007
OpenMandriva Lx,Mandriva Linux,multimedia,,,,,,2011
Oracle Linux,Red Hat Enterprise Linux (RHEL),server,,,,,,2006
Parabola GNU/Linux-libre,Arch Linux,general,,,,,,2009
Pardus,Gentoo (2011.2),general,,,,,,2005
Pardus,Debian,general,,,,,,2005
Parrot OS,Debian,security, desktop,,,,,2013
Parsix,Debian,desktop,,,,,,2005
Parted Magic,,live, maintenance,,,,,2007
PCLinuxOS,Mandriva Linux,desktop,,,,,,2003
Pop! OS,Ubuntu,auditing, security,,,,,2005
Pentoo,Gentoo Linux,auditing, security,,,,,2005
Porteus,Slackware,lightweight, portable,,,,,2010
Puppy Linux,,lightweight, portable,,,,,2003
PureOS,Debian,general, security, privacy,,,,2009
Qubes OS,Xen and Fedora,security by compartmentalization, desktop,,,,,2012
Red Hat Enterprise Linux (RHEL),Red Hat Linux,general,,,,,,2002
Red Hat Enterprise Linux (RHEL),Fedora,general,,,,,,2002
Red Hat Linux,–,server, workstation,,,,,1995
Rocks Cluster Distribution,Red Hat Linux,server, workstation,,,,,2000
Rocky Linux,Red Hat Enterprise Linux (RHEL),general,,,,,,2021
ROSA,Mandriva,server, general,,,,,2011
Sabayon Linux,Gentoo Linux,general,,,,,,2005
Salix OS,Slackware,general,,,,,,2009
Scientific Linux,Red Hat Linux,server, workstation,,,,,2004
Scientific Linux,Red Hat Enterprise Linux (RHEL),server, workstation,,,,,2004
Slackware,Softlanding Linux System (SLS),general,,,,,,1993
Slax,Debian,live,,,,,,2002
Slax,Slackware,live,,,,,,2002
SliTaz GNU/Linux,,portable,,,,,,2008
Solus,Pardus Linux,desktop,,,,,,2005
SolydXK,Debian,desktop,,,,,,2013
SparkyLinux,Debian,general, video games,,,,,2012
Source Mage GNU/Linux,Sorcerer,desktop,,,,,,2013
SteamOS,Debian (2.0),video games,,,,,,2013
SteamOS,Arch Linux (3.0),video games,,,,,,2013
SUSE Linux Enterprise,Slackware,edge, workstation, server, supercomputer,,,2000
SUSE Linux Enterprise,Jurix,edge, workstation, server, supercomputer,,,2000
Tails,Debian,security-focused aimed for anonymity and privacy,,,,,,2009
Tiny Core Linux,Independent,portable,,,,,,2009
Trisquel GNU/Linux,Ubuntu LTS,desktop,,,,,,2005
TurnKey GNU/Linux,Debian,server based software appliance library aiming to balance security and ease of use,,,,,,2008
Ubuntu,Debian,server based software appliance library aiming to balance security and ease of use,,,,,,2008
Univention Corporate Server,Debian,home, business,school,,,,2004
Ututo,Ubuntu,general,,,,,,2000
Ututo,Gentoo Linux,general,,,,,,2000
VectorLinux,Slackware,desktop,,,,,,1999
Void Linux,,general,,,,,,2008
Webconverger,Debian,kiosk software, digital signage,,,,,2007
Xandros,Corel Linux,?,,,,,,2001
Zentyal,Debian,small business server,,,,,,2005
Zentyal,Ubuntu,small business server,,,,,,2005
Zenwalk,Slackware,general,,,,,,2004
Zorin OS,Ubuntu,general, desktop,,,,,2009
,,,,,,,,#N/A
